username,num_follows
viewfromhk,3893
ysiu,1237
alanlau999,1263
rleshner,1494
tarunchitra,5889
0xmadisonn,692
hal2001,2463
ShanAggarwal,2567
HoolieG,1817
jonathankingvc,1991
MichaelWuAmber,1257
wallfaicer,1034
danabuidl,532
ellazhang516,490
0xRickyW,1459
p2fp2e,2725
cyodyssey,621
odagius,2125
ed_roman,380
alpackap,735
chrismaree_,1930
seanbrown_0,2305
roshunpatel,3372
0xRodney,3283
hsinjuchuang,7729
herbiefu,2163
0xKDOT,1651
feynyman,1131
BensonY4BDV,1513
robertjcho,809
thejackheavy,761
calilyliu,2804
joel_john95,831
Mega_Fund,601
davidfeiock,1357
cdixon,4631
pmarca,26483
bhorowitz,625
ariannasimpson,3947
sriramk,911
chrislyons,1506
guywuolletjr,4372
eddylazzarin,5316
carrawu,2461
tocelot,2294
alive_eth,3261
alive_eth,3261
meigga,6425
DarenMatsuoka,1038
anjneymidha,2394
kimbatronic,1315
jeffrey_hu,1054
zxocw,1060
JReedRosenthal,1366
hardhathen,3115
lukejdpearson,442
xinsong86,530
heyochristopher,655
lalleclausen,1448
_weidai,634
dianacbiggs,1260
pet3rpan_,2267
valeryz,923
nichanank,398
Mikey0x_,1211
gametheorizing,758
arul_1111i,797
SpartanBlack_1,655
CasperJohansen,1460
melmelmelting,954
unnamedfizz,1530
leeorgroen,1176
tumilett,1852
SOLBigBrain,10440
im_manderson,2873
pythianism,6400
rajivpoc,889
RoyLearner,5579
adam_badrawi,3204
0x_tracy,2320
b_potts23,1648
aeyakovenko,6221
ForestBai1,1410
AliceL991,1394
0xmaggie5,1089
NPC_Leo,3188
cryptohayes,25
akshat_hk,998
elaineyang73,2650
santiagoroel,1248
sandeepnailwal,4632
0xkenzi,1248
SPLehman,1600
TrustlessState,1559
RyanSAdams,2336
benlakoff,3239
dan_pantera,220
masonnystrom,1338
veradittakit,890
lstephanian,740
FranklinBi,142
msantoriESQ,1359
Ishanee_,628
nihal_maunder,545
JCvdPlas,550
BalderBomans,2239
hosseeb,1027
tomhschmidt,3421
TheOneandOmsy,1224
0xsudogm,3083
HadickM,1896
hildobby_,2197
casatay,1222
pat_goodridge,1193
LindsayxLin,698
crainbf,1141
meherroy,1124
Yannimoto,3706
KamBenbrik,650
balajis,3893
mattwalshinbos,1953
nic__carter,3495
riabhutoria,2542
seanjudgeciv,1466
EvgenyGaevoy,412
YoannTurpin1,621
emgurevich,610
FrankResearcher,41
ronwhammond,1474
reganbozman,1301
MikeZajko,889
MarioNawfal,48377
libertas_2035,858
DAnconia_Crypto,6677
MoneroMahesh,1498
samiam2194,1468
CharlieSandor,867
AugieIlag,1017
mcasto_,554
Aryonchain,3755
tylev,2135
DavidFBailey,728
namcios,1118
0xSamHarrison,2125
tim_khoury,2515
JustinBarlow,3373
nakul___gupta,1420
fehrsam,2479
matthuang,803
FrankieIsLost,1004
danrobinson,1138
_charlienoyes,880
gakonst,2247
arjunblj,2936
caitlinxyz,932
_Dave__White_,1586
0xalpo,1110
dougfeagin,126
transmissions11,759
EmiT87,879
viktorfischer,2617
emptymetadata,4667
HassanBassiri,5438
samantha_bohbot,710
gbousis,1664
chloejiani,1658
harryhurst,676
asharoraa,8182
CZituo,404
arrington,6069
kelicallaghan,4483
ColtonFConley,1154
0xMert_,2198
MapleLeafCap,2103
0xAikoDai,2888
Chrislulu816,1390
KD2Moon,4482
BarrySilbert,392
ag_dwf,23
AlessiaBaumgar,1445
rajgokal,2213
_jaechung,1263
CL207,10249
a_chang888,986
MustafaYilham,1217
dcfgod,4084
rongplace,1120
BAYC6603,2425
BMANLead,835
dujunx,1281
Wuhuoqiu,479
jessewldn,1837
jchervinsky,1016
Derekmw23,2544
AlanaDLevin,751
gham1lt0n,2172
cooper_kunz,999
calebshough,1800
jphackworth42,797
sreeramkannan,5458
pbartstephens,5123
wbrads,844
_alekslarsen,1750
_kinjalbshah,1709
CremeDeLaCrypto,3580
yuan_han_li,1298
FC_0X0,683
Louissongyz,1260
linsajiao,2161
minta0103,2935
LukeWasm,1273
gracedengx,988
suji_yan,5261
novogratz,4630
willnuelle,646
intangiblecoins,999
anildelphi,3762
kevin_kelly_ii,3851
YanLiberman,3181
shaughnessy119,2223
zemariamacedo,1845
pierskicks,420
lukedelphi,901
ceterispar1bus,1637
clwnwrldnjyr,1015
alexgolding_,5426
CannnGurel,3979
VelvetMilkman,1089
menzel_clayton,1683
PaulTaylorVC,780
ivailoj,1694
katie_haun,762
diogomonica,728
rachaelrad,5418
ahnchrisj,887
brxckinridge,4784
_vshapovalov,972
lomashuk,1714
sgershuni,1782
artofkot,1260
AdrianUberto,787
Yedidbotton,615
anjan_vinod,2319
notscottmoore,4832
delitzer,1964
josh_felker,733
13yearoldvc,1643
brockjelmore,1063
0xThoor,542
ErickNomad,1098
chtmorris,535
kazhiloti,799
DoveyWan,620
YettaSing,712
allenday,1963
wheatpond,43
0xtony0x,547
ManoppoMarco,2196
Btman_Jeff,1629
allen_su1024,962
Warren_XF,848
jackbplatts,2317
Dennyjason2,1691
0x_nico0,2136
Ivantok4,2354
panekkkk,3893
mohamedffouda,1843
lmrankhan,3321
qwqiao,1773
0xdjma,1671
DangerWillRobin,2148
stutireal,1043
degenpapi,1183
rushimanche,1315
SmokeyTheBera,1897
JoeLallouz,1055
zmanian,17569
joeykrug,2169
zebulgar,887
jedbreed,2229
kaiynne,1230
hjmomtazi,1329
Andrea__Chang,3037
TheOnlyNom,3987
0xHoward_Peng,500
collectionist,1383
abhishek095,1270
shreyansh_27,2363
KyleSamani,5695
tusharjain_,1119
johnrobertreed,9530
mattshap1,2916
michaelh_0g,1191
gdog97_,390
jamie247,11340
sillytuna,2554
RyanCrucible,4933
benmeyer154,1814
evanbfish,1370
dotcuriouscat,1445
KevinWilliams,933
jubos,1441
avichal,2930
MariaShen,6571
0xren_cf,1326
puntium,1736
SherpaHill,2791
merschmax_,3922
camillionaire_m,5518
WarcMeinstein,8373
Rewkang,3995
stevencho,399
gametheorizing,758
roder1k,1413
stonecoldpat0,463
shaishav0x,541
blockhiro,6536
grisacerne,473
mdudas,782
sergekass,921
CarlKVogel,2553
aaronmkern,2803
will__price,2252
MrkvakEth,1090
fiskantes,1987
mattigags,500
boshen1011,1004
ballsyalchemist,1346
Chloeeewrx_,837
DCbuild3r,4649
MikeSilagadze,464
0xdenniswon,6266
klee_049,1397
weikengchen,1426
zsparta,991
btcdefidadi,3642
guruxing,187
wengevar,765
iamdonho,892
martinetlee,1082
AshAEgan,1877
katherineykwu,1590
dberenzon,2032
willkantaros,694
mountainwaterpi,4581
katiewav,1777
DannySursock,857
LexSokolin,7800
willwangtf,5173
YorkZhu2,1228
LucidMasi,5082
aweissman,2514
fredwilson,1351
nickgrossman,3971
tekinsalimi,712
sia_kazi,1647
gpl_94,1017
alexhevans,1502
stefancoh,1786
kevinzhang,1427
theo_diamandis,908
mandyzcamp,1447
GuilleAngeris,809
eclecticcapital,2277
matthewabeck1,2021
mikojava,1982
hkunimitsu,6740
ryu1,584
EvansHuangfu,2375
ETM612,1378
BronheimDaniel,4426
emmacui,1664
theshikhai,1319
zhao_eth,2016
Issa_Issa_Z,2838
_LewisHarland_,1816
spencernoon,162
caseykcaruso,2608
